date,ruonia
2014-01-09,5.51
2014-01-10,5.84
2014-01-13,6.31
2014-01-14,5.69
2014-01-15,5.6
2014-01-16,5.68
2014-01-17,5.94
2014-01-20,6.03
2014-01-21,6.18
2014-01-22,6.32
2014-01-23,6.19
2014-01-24,6.1
2014-01-27,6.29
2014-01-28,6.23
2014-01-29,6.27
2014-01-30,6.33
2014-01-31,6.29
2014-02-03,6.27
2014-02-04,6.22
2014-02-05,5.83
2014-02-06,5.56
2014-02-07,4.87
2014-02-10,5.5
2014-02-11,6.07
2014-02-12,5.87
2014-02-13,5.56
2014-02-14,5.83
2014-02-17,6.14
2014-02-18,6.07
2014-02-19,6.0
2014-02-20,6.02
2014-02-21,6.25
2014-02-24,5.99
2014-02-25,6.38
2014-02-26,6.29
2014-02-27,6.23
2014-02-28,6.32
2014-03-03,7.44
2014-03-04,7.7
2014-03-05,7.7
2014-03-06,7.68
2014-03-07,7.64
2014-03-11,7.94
2014-03-12,7.95
2014-03-13,7.93
2014-03-14,7.53
2014-03-17,7.6
2014-03-18,7.77
2014-03-19,7.84
2014-03-20,7.94
2014-03-21,7.92
2014-03-24,7.84
2014-03-25,8.03
2014-03-26,7.97
2014-03-27,8.0
2014-03-28,8.04
2014-03-31,8.15
2014-04-01,7.95
2014-04-02,7.75
2014-04-03,7.76
2014-04-04,7.66
2014-04-07,7.67
2014-04-08,7.64
2014-04-09,6.5
2014-04-10,7.34
2014-04-11,7.58
2014-04-14,7.76
2014-04-15,7.78
2014-04-16,7.76
2014-04-17,7.8
2014-04-18,7.84
2014-04-21,7.9
2014-04-22,7.85
2014-04-23,7.88
2014-04-24,7.84
2014-04-25,8.09
2014-04-28,8.48
2014-04-29,8.55
2014-04-30,8.69
2014-05-05,8.47
2014-05-06,8.46
2014-05-07,7.98
2014-05-08,7.03
2014-05-12,8.32
2014-05-13,8.24
2014-05-14,8.2
2014-05-15,8.27
2014-05-16,8.36
2014-05-19,8.42
2014-05-20,8.46
2014-05-21,8.3
2014-05-22,8.25
2014-05-23,7.55
2014-05-26,8.11
2014-05-27,7.94
2014-05-28,8.08
2014-05-29,8.27
2014-05-30,8.19
2014-06-02,7.68
2014-06-03,7.35
2014-06-04,7.56
2014-06-05,7.82
2014-06-06,7.96
2014-06-09,8.41
2014-06-10,8.35
2014-06-11,8.35
2014-06-16,8.4
2014-06-17,8.38
2014-06-18,8.34
2014-06-19,8.21
2014-06-20,8.29
2014-06-23,8.21
2014-06-24,8.2
2014-06-25,8.47
2014-06-26,8.45
2014-06-27,8.4
2014-06-30,8.63
2014-07-01,8.17
2014-07-02,7.96
2014-07-03,7.36
2014-07-04,7.24
2014-07-07,7.73
2014-07-08,7.47
2014-07-09,6.87
2014-07-10,7.94
2014-07-11,8.35
2014-07-14,8.36
2014-07-15,8.5
2014-07-16,8.2
2014-07-17,8.12
2014-07-18,8.41
2014-07-21,8.6
2014-07-22,8.41
2014-07-23,8.23
2014-07-24,8.05
2014-07-25,8.39
2014-07-28,8.96
2014-07-29,8.77
2014-07-30,8.64
2014-07-31,8.1
2014-08-01,7.46
2014-08-04,7.26
2014-08-05,7.24
2014-08-06,7.39
2014-08-07,7.33
2014-08-08,7.46
2014-08-11,8.24
2014-08-12,8.12
2014-08-13,7.82
2014-08-14,7.48
2014-08-15,7.43
2014-08-18,7.89
2014-08-19,8.36
2014-08-20,8.2
2014-08-21,8.01
2014-08-22,8.09
2014-08-25,8.38
2014-08-26,8.36
2014-08-27,8.18
2014-08-28,8.08
2014-08-29,8.11
2014-09-01,8.13
2014-09-02,8.02
2014-09-03,7.78
2014-09-04,7.56
2014-09-05,7.41
2014-09-08,7.26
2014-09-09,7.25
2014-09-10,7.73
2014-09-11,7.98
2014-09-12,8.1
2014-09-15,8.19
2014-09-16,8.57
2014-09-17,8.84
2014-09-18,8.16
2014-09-19,7.91
2014-09-22,8.12
2014-09-23,7.96
2014-09-24,7.83
2014-09-25,7.95
2014-09-26,8.03
2014-09-29,7.91
2014-09-30,8.08
2014-10-01,7.9
2014-10-02,7.71
2014-10-03,7.3
2014-10-06,7.23
2014-10-07,7.25
2014-10-08,7.41
2014-10-09,7.5
2014-10-10,8.04
2014-10-13,8.15
2014-10-14,8.45
2014-10-15,8.53
2014-10-16,8.59
2014-10-17,8.42
2014-10-20,8.64
2014-10-21,8.62
2014-10-22,8.44
2014-10-23,8.63
2014-10-24,8.55
2014-10-27,8.64
2014-10-28,8.73
2014-10-29,8.77
2014-10-30,8.73
2014-10-31,9.06
2014-11-05,10.39
2014-11-06,10.22
2014-11-07,9.82
2014-11-10,10.02
2014-11-11,9.86
2014-11-12,10.18
2014-11-13,9.9
2014-11-14,9.69
2014-11-17,9.94
2014-11-18,9.89
2014-11-19,10.03
2014-11-20,10.22
2014-11-21,10.6
2014-11-24,10.66
2014-11-25,10.93
2014-11-26,10.57
2014-11-27,10.46
2014-11-28,10.69
2014-12-01,10.33
2014-12-02,9.88
2014-12-03,9.42
2014-12-04,9.41
2014-12-05,9.73
2014-12-08,10.18
2014-12-09,10.33
2014-12-10,10.64
2014-12-11,11.5
2014-12-12,11.62
2014-12-15,11.84
2014-12-16,18.69
2014-12-17,23.62
2014-12-18,28.65
2014-12-19,24.3
2014-12-22,23.36
2014-12-23,19.93
2014-12-24,18.37
2014-12-25,16.75
2014-12-26,16.97
2014-12-29,16.96
2014-12-30,17.39
2015-01-12,17.55
2015-01-13,17.19
2015-01-14,17.07
2015-01-15,17.1
2015-01-16,16.93
2015-01-19,16.96
2015-01-20,16.97
2015-01-21,16.91
2015-01-22,16.85
2015-01-23,16.81
2015-01-26,16.86
2015-01-27,16.97
2015-01-28,16.8
2015-01-29,16.74
2015-01-30,16.63
2015-02-02,14.95
2015-02-03,14.85
2015-02-04,14.82
2015-02-05,14.59
2015-02-06,14.58
2015-02-09,14.85
2015-02-10,15.47
2015-02-11,15.34
2015-02-12,15.24
2015-02-13,15.23
2015-02-16,15.15
2015-02-17,15.42
2015-02-18,14.98
2015-02-19,15.0
2015-02-20,15.01
2015-02-24,14.99
2015-02-25,15.47
2015-02-26,15.54
2015-02-27,15.49
2015-03-02,15.7
2015-03-03,15.5
2015-03-04,15.59
2015-03-05,15.49
2015-03-06,14.56
2015-03-10,15.5
2015-03-11,15.18
2015-03-12,14.71
2015-03-13,14.33
2015-03-16,14.05
2015-03-17,14.34
2015-03-18,14.76
2015-03-19,14.75
2015-03-20,14.51
2015-03-23,14.45
2015-03-24,14.5
2015-03-25,14.7
2015-03-26,14.69
2015-03-27,14.73
2015-03-30,14.63
2015-03-31,14.66
2015-04-01,14.27
2015-04-02,14.26
2015-04-03,14.16
2015-04-06,14.01
2015-04-07,13.75
2015-04-08,13.73
2015-04-09,13.55
2015-04-10,14.24
2015-04-13,14.71
2015-04-14,14.74
2015-04-15,14.77
2015-04-16,14.85
2015-04-17,14.78
2015-04-20,14.99
2015-04-21,14.97
2015-04-22,14.47
2015-04-23,13.51
2015-04-24,14.0
2015-04-27,14.6
2015-04-28,14.57
2015-04-29,14.8
2015-04-30,14.45
2015-05-05,13.11
2015-05-06,12.81
2015-05-07,12.21
2015-05-08,11.74
2015-05-12,12.79
2015-05-13,13.08
2015-05-14,13.15
2015-05-15,13.23
2015-05-18,13.27
2015-05-19,13.19
2015-05-20,12.43
2015-05-21,12.01
2015-05-22,12.26
2015-05-25,12.78
2015-05-26,13.03
2015-05-27,13.03
2015-05-28,12.99
2015-05-29,13.19
2015-06-01,12.8
2015-06-02,12.52
2015-06-03,12.74
2015-06-04,13.25
2015-06-05,13.06
2015-06-08,13.1
2015-06-09,13.12
2015-06-10,13.03
2015-06-11,12.69
2015-06-15,12.75
2015-06-16,12.06
2015-06-17,12.17
2015-06-18,12.18
2015-06-19,12.03
2015-06-22,12.05
2015-06-23,11.99
2015-06-24,11.86
2015-06-25,12.12
2015-06-26,12.26
2015-06-29,12.3
2015-06-30,12.4
2015-07-01,12.13
2015-07-02,11.84
2015-07-03,11.39
2015-07-06,10.91
2015-07-07,10.65
2015-07-08,10.59
2015-07-09,10.73
2015-07-10,11.54
2015-07-13,11.93
2015-07-14,11.92
2015-07-15,12.04
2015-07-16,12.14
2015-07-17,12.25
2015-07-20,12.14
2015-07-21,12.17
2015-07-22,11.53
2015-07-23,10.95
2015-07-24,10.97
2015-07-27,11.55
2015-07-28,11.56
2015-07-29,11.22
2015-07-30,10.97
2015-07-31,11.19
2015-08-03,10.45
2015-08-04,10.17
2015-08-05,10.16
2015-08-06,10.21
2015-08-07,10.3
2015-08-10,10.45
2015-08-11,10.59
2015-08-12,10.59
2015-08-13,10.88
2015-08-14,11.17
2015-08-17,11.1
2015-08-18,11.18
2015-08-19,11.08
2015-08-20,11.01
2015-08-21,10.99
2015-08-24,11.0
2015-08-25,11.11
2015-08-26,11.21
2015-08-27,11.21
2015-08-28,11.06
2015-08-31,11.04
2015-09-01,10.91
2015-09-02,10.58
2015-09-03,10.64
2015-09-04,10.6
2015-09-07,10.4
2015-09-08,10.4
2015-09-09,10.39
2015-09-10,10.5
2015-09-11,11.03
2015-09-14,11.57
2015-09-15,11.68
2015-09-16,11.62
2015-09-17,11.42
2015-09-18,11.4
2015-09-21,11.54
2015-09-22,11.61
2015-09-23,11.13
2015-09-24,11.01
2015-09-25,11.45
2015-09-28,11.43
2015-09-29,11.38
2015-09-30,11.45
2015-10-01,11.26
2015-10-02,11.41
2015-10-05,10.8
2015-10-06,10.3
2015-10-07,10.3
2015-10-08,10.48
2015-10-09,10.46
2015-10-12,11.01
2015-10-13,11.38
2015-10-14,11.39
2015-10-15,11.33
2015-10-16,11.47
2015-10-19,11.34
2015-10-20,11.35
2015-10-21,11.38
2015-10-22,11.36
2015-10-23,11.4
2015-10-26,11.5
2015-10-27,11.35
2015-10-28,11.42
2015-10-29,11.42
2015-10-30,11.46
2015-11-02,11.33
2015-11-03,11.32
2015-11-05,11.25
2015-11-06,11.39
2015-11-09,10.88
2015-11-10,11.43
2015-11-11,11.32
2015-11-12,11.6
2015-11-13,11.55
2015-11-16,11.62
2015-11-17,11.68
2015-11-18,11.68
2015-11-19,11.67
2015-11-20,11.64
2015-11-23,11.5
2015-11-24,11.61
2015-11-25,11.19
2015-11-26,11.48
2015-11-27,11.45
2015-11-30,11.32
2015-12-01,11.19
2015-12-02,11.11
2015-12-03,10.92
2015-12-04,11.0
2015-12-07,11.56
2015-12-08,11.78
2015-12-09,11.3
2015-12-10,11.64
2015-12-11,11.54
2015-12-14,11.54
2015-12-15,11.46
2015-12-16,11.17
2015-12-17,11.34
2015-12-18,11.29
2015-12-21,11.2
2015-12-22,11.06
2015-12-23,10.99
2015-12-24,10.83
2015-12-25,11.08
2015-12-28,10.95
2015-12-29,11.01
2015-12-30,10.52
2016-01-11,10.85
2016-01-12,10.95
2016-01-13,11.01
2016-01-14,11.06
2016-01-15,11.02
2016-01-18,11.09
2016-01-19,11.08
2016-01-20,11.1
2016-01-21,11.03
2016-01-22,11.06
2016-01-25,11.17
2016-01-26,11.12
2016-01-27,11.2
2016-01-28,11.11
2016-01-29,11.07
2016-02-01,10.88
2016-02-02,10.72
2016-02-03,10.99
2016-02-04,11.01
2016-02-05,10.8
2016-02-08,10.62
2016-02-09,10.62
2016-02-10,10.82
2016-02-11,10.71
2016-02-12,10.66
2016-02-15,10.7
2016-02-16,10.88
2016-02-17,11.16
2016-02-18,10.98
2016-02-19,11.03
2016-02-20,10.87
2016-02-24,11.0
2016-02-25,11.05
2016-02-26,11.13
2016-02-29,10.93
2016-03-01,10.93
2016-03-02,10.9
2016-03-03,11.05
2016-03-04,10.79
2016-03-09,10.91
2016-03-10,10.86
2016-03-11,10.83
2016-03-14,11.07
2016-03-15,11.1
2016-03-16,10.89
2016-03-17,10.91
2016-03-18,10.7
2016-03-21,10.65
2016-03-22,10.56
2016-03-23,10.54
2016-03-24,10.79
2016-03-25,11.13
2016-03-28,11.31
2016-03-29,11.16
2016-03-30,11.22
2016-03-31,11.29
2016-04-01,10.95
2016-04-04,10.46
2016-04-05,10.45
2016-04-06,10.71
2016-04-07,10.83
2016-04-08,10.9
2016-04-11,10.75
2016-04-12,10.71
2016-04-13,10.63
2016-04-14,10.76
2016-04-15,10.94
2016-04-18,11.02
2016-04-19,11.0
2016-04-20,10.57
2016-04-21,10.32
2016-04-22,10.31
2016-04-25,10.65
2016-04-26,10.53
2016-04-27,10.54
2016-04-28,10.84
2016-04-29,11.09
2016-05-04,11.04
2016-05-05,10.96
2016-05-06,10.45
2016-05-10,10.28
2016-05-11,10.38
2016-05-12,11.0
2016-05-13,11.1
2016-05-16,11.42
2016-05-17,11.05
2016-05-18,11.11
2016-05-19,11.15
2016-05-20,11.24
2016-05-23,11.23
2016-05-24,11.32
2016-05-25,11.32
2016-05-26,11.28
2016-05-27,11.31
2016-05-30,11.3
2016-05-31,11.24
2016-06-01,11.24
2016-06-02,11.24
2016-06-03,11.07
2016-06-06,10.81
2016-06-07,10.66
2016-06-08,10.95
2016-06-09,10.76
2016-06-10,10.65
2016-06-14,10.32
2016-06-15,10.51
2016-06-16,10.36
2016-06-17,10.33
2016-06-20,10.42
2016-06-21,10.26
2016-06-22,10.27
2016-06-23,10.14
2016-06-24,9.95
2016-06-27,10.43
2016-06-28,10.48
2016-06-29,10.38
2016-06-30,10.41
2016-07-01,10.18
2016-07-04,9.93
2016-07-05,9.97
2016-07-06,10.16
2016-07-07,10.27
2016-07-08,10.3
2016-07-11,10.2
2016-07-12,10.31
2016-07-13,10.37
2016-07-14,10.31
2016-07-15,10.17
2016-07-18,10.44
2016-07-19,10.38
2016-07-20,10.37
2016-07-21,10.41
2016-07-22,10.08
2016-07-25,10.3
2016-07-26,10.47
2016-07-27,10.37
2016-07-28,10.46
2016-07-29,10.34
2016-08-01,10.17
2016-08-02,9.97
2016-08-03,10.33
2016-08-04,10.33
2016-08-05,10.36
2016-08-08,10.37
2016-08-09,10.39
2016-08-10,10.38
2016-08-11,10.37
2016-08-12,10.39
2016-08-15,10.33
2016-08-16,10.35
2016-08-17,10.28
2016-08-18,10.35
2016-08-19,10.28
2016-08-22,10.3
2016-08-23,10.2
2016-08-24,10.07
2016-08-25,10.28
2016-08-26,10.35
2016-08-29,10.29
2016-08-30,10.26
2016-08-31,10.3
2016-09-01,10.25
2016-09-02,10.28
2016-09-05,10.31
2016-09-06,10.31
2016-09-07,10.21
2016-09-08,10.25
2016-09-09,10.26
2016-09-12,10.4
2016-09-13,10.38
2016-09-14,10.5
2016-09-15,10.65
2016-09-16,10.62
2016-09-19,10.18
2016-09-20,10.17
2016-09-21,9.8
2016-09-22,9.71
2016-09-23,9.66
2016-09-26,9.98
2016-09-27,10.01
2016-09-28,10.28
2016-09-29,10.5
2016-09-30,10.55
2016-10-03,9.98
2016-10-04,10.21
2016-10-05,10.18
2016-10-06,10.27
2016-10-07,10.32
2016-10-10,10.46
2016-10-11,10.5
2016-10-12,10.43
2016-10-13,10.5
2016-10-14,10.47
2016-10-17,10.44
2016-10-18,10.45
2016-10-19,10.47
2016-10-20,10.35
2016-10-21,10.33
2016-10-24,10.17
2016-10-25,10.32
2016-10-26,10.17
2016-10-27,10.16
2016-10-28,10.23
2016-10-31,10.36
2016-11-01,10.04
2016-11-02,9.75
2016-11-03,9.5
2016-11-07,9.22
2016-11-08,9.37
2016-11-09,10.01
2016-11-10,10.05
2016-11-11,10.03
2016-11-14,10.2
2016-11-15,10.18
2016-11-16,10.09
2016-11-17,10.14
2016-11-18,10.1
2016-11-21,10.19
2016-11-22,10.08
2016-11-23,9.97
2016-11-24,10.1
2016-11-25,10.21
2016-11-28,10.41
2016-11-29,10.17
2016-11-30,10.09
2016-12-01,9.98
2016-12-02,10.16
2016-12-05,10.22
2016-12-06,10.13
2016-12-07,10.13
2016-12-08,10.19
2016-12-09,10.21
2016-12-12,10.16
2016-12-13,10.18
2016-12-14,10.17
2016-12-15,10.04
2016-12-16,9.98
2016-12-19,10.12
2016-12-20,10.14
2016-12-21,10.14
2016-12-22,10.18
2016-12-23,10.08
2016-12-26,10.25
2016-12-27,10.36
2016-12-28,10.47
2016-12-29,10.5
2017-01-09,10.13
2017-01-10,9.93
2017-01-11,9.97
2017-01-12,9.93
2017-01-13,10.06
2017-01-16,10.22
2017-01-17,10.21
2017-01-18,10.26
2017-01-19,10.19
2017-01-20,10.1
2017-01-23,9.82
2017-01-24,9.82
2017-01-25,10.23
2017-01-26,10.38
2017-01-27,10.33
2017-01-30,10.27
2017-01-31,10.24
2017-02-01,10.24
2017-02-02,10.13
2017-02-03,9.96
2017-02-06,9.77
2017-02-07,9.9
2017-02-08,10.24
2017-02-09,10.25
2017-02-10,10.3
2017-02-13,10.21
2017-02-14,10.18
2017-02-15,10.45
2017-02-16,10.39
2017-02-17,10.32
2017-02-20,10.15
2017-02-21,10.17
2017-02-22,10.08
2017-02-27,10.15
2017-02-28,10.0
2017-03-01,9.99
2017-03-02,9.85
2017-03-03,9.74
2017-03-06,9.68
2017-03-07,9.53
2017-03-09,9.94
2017-03-10,9.92
2017-03-13,9.91
2017-03-14,10.02
2017-03-15,10.02
2017-03-16,9.94
2017-03-17,9.94
2017-03-20,10.02
2017-03-21,10.0
2017-03-22,9.95
2017-03-23,9.98
2017-03-24,9.74
2017-03-27,9.77
2017-03-28,9.8
2017-03-29,10.0
2017-03-30,10.03
2017-03-31,9.82
2017-04-03,9.88
2017-04-04,9.71
2017-04-05,9.35
2017-04-06,9.29
2017-04-07,9.3
2017-04-10,9.38
2017-04-11,9.23
2017-04-12,9.57
2017-04-13,9.54
2017-04-14,9.62
2017-04-17,9.61
2017-04-18,9.57
2017-04-19,9.58
2017-04-20,9.61
2017-04-21,9.55
2017-04-24,9.52
2017-04-25,9.77
2017-04-26,9.61
2017-04-27,9.59
2017-04-28,9.71
2017-05-02,9.11
2017-05-03,9.4
2017-05-04,9.52
2017-05-05,9.42
2017-05-10,9.27
2017-05-11,9.02
2017-05-12,8.99
2017-05-15,9.0
2017-05-16,8.86
2017-05-17,9.05
2017-05-18,9.08
2017-05-19,9.1
2017-05-22,8.93
2017-05-23,8.99
2017-05-24,8.85
2017-05-25,9.12
2017-05-26,9.07
2017-05-29,9.27
2017-05-30,9.18
2017-05-31,9.15
2017-06-01,9.19
2017-06-02,9.2
2017-06-05,9.45
2017-06-06,9.61
2017-06-07,9.14
2017-06-08,9.08
2017-06-09,9.07
2017-06-13,9.07
2017-06-14,9.19
2017-06-15,9.26
2017-06-16,9.27
2017-06-19,9.02
2017-06-20,9.03
2017-06-21,8.99
2017-06-22,8.77
2017-06-23,8.64
2017-06-26,8.9
2017-06-27,9.05
2017-06-28,9.09
2017-06-29,9.15
2017-06-30,9.09
2017-07-03,9.03
2017-07-04,9.02
2017-07-05,9.0
2017-07-06,9.02
2017-07-07,8.98
2017-07-10,8.64
2017-07-11,8.48
2017-07-12,8.79
2017-07-13,8.82
2017-07-14,8.75
2017-07-17,8.96
2017-07-18,8.86
2017-07-19,8.91
2017-07-20,8.95
2017-07-21,8.96
2017-07-24,8.94
2017-07-25,8.93
2017-07-26,9.05
2017-07-27,9.13
2017-07-28,9.17
2017-07-31,9.24
2017-08-01,8.9
2017-08-02,8.7
2017-08-03,8.64
2017-08-04,8.34
2017-08-07,8.24
2017-08-08,8.22
2017-08-09,8.63
2017-08-10,8.44
2017-08-11,8.35
2017-08-14,8.25
2017-08-15,8.33
2017-08-16,8.5
2017-08-17,8.51
2017-08-18,8.52
2017-08-21,8.56
2017-08-22,8.57
2017-08-23,8.4
2017-08-24,8.37
2017-08-25,8.53
2017-08-28,8.58
2017-08-29,8.55
2017-08-30,8.56
2017-08-31,8.71
2017-09-01,8.78
2017-09-04,8.94
2017-09-05,8.58
2017-09-06,8.49
2017-09-07,8.46
2017-09-08,8.42
2017-09-11,8.44
2017-09-12,8.19
2017-09-13,8.24
2017-09-14,8.61
2017-09-15,8.69
2017-09-18,7.96
2017-09-19,8.04
2017-09-20,8.0
2017-09-21,8.02
2017-09-22,7.99
2017-09-25,8.05
2017-09-26,7.98
2017-09-27,8.21
2017-09-28,8.47
2017-09-29,8.49
2017-10-02,8.25
2017-10-03,8.22
2017-10-04,7.99
2017-10-05,7.95
2017-10-06,8.3
2017-10-09,8.37
2017-10-10,8.26
2017-10-11,7.92
2017-10-12,8.18
2017-10-13,8.16
2017-10-16,8.2
2017-10-17,7.95
2017-10-18,7.87
2017-10-19,7.85
2017-10-20,7.73
2017-10-23,7.98
2017-10-24,7.78
2017-10-25,7.86
2017-10-26,7.99
2017-10-27,7.82
2017-10-30,8.11
2017-10-31,8.02
2017-11-01,8.1
2017-11-02,8.23
2017-11-03,7.98
2017-11-07,7.74
2017-11-08,7.76
2017-11-09,7.74
2017-11-10,7.83
2017-11-13,7.86
2017-11-14,7.92
2017-11-15,7.98
2017-11-16,7.99
2017-11-17,7.99
2017-11-20,8.0
2017-11-21,7.98
2017-11-22,7.96
2017-11-23,7.95
2017-11-24,7.97
2017-11-27,8.03
2017-11-28,8.2
2017-11-29,8.28
2017-11-30,8.24
2017-12-01,8.21
2017-12-04,7.83
2017-12-05,8.07
2017-12-06,8.07
2017-12-07,8.11
2017-12-08,8.09
2017-12-11,7.98
2017-12-12,7.99
2017-12-13,7.97
2017-12-14,7.85
2017-12-15,7.9
2017-12-18,7.54
2017-12-19,7.48
2017-12-20,7.5
2017-12-21,7.5
2017-12-22,7.54
2017-12-25,7.84
2017-12-26,7.58
2017-12-27,7.41
2017-12-28,7.19
2018-01-09,6.88
2018-01-10,7.16
2018-01-11,7.04
2018-01-12,7.0
2018-01-15,7.0
2018-01-16,7.02
2018-01-17,6.98
2018-01-18,7.07
2018-01-19,7.01
2018-01-22,7.01
2018-01-23,6.95
2018-01-24,6.93
2018-01-25,7.21
2018-01-26,7.25
2018-01-29,7.35
2018-01-30,7.37
2018-01-31,7.12
2018-02-01,7.26
2018-02-02,7.09
2018-02-05,7.19
2018-02-06,7.23
2018-02-07,7.07
2018-02-08,7.06
2018-02-09,6.99
2018-02-12,6.78
2018-02-13,6.83
2018-02-14,6.96
2018-02-15,7.08
2018-02-16,7.21
2018-02-19,7.28
2018-02-20,7.28
2018-02-21,7.29
2018-02-22,7.23
2018-02-26,7.3
2018-02-27,7.45
2018-02-28,7.5
2018-03-01,7.38
2018-03-02,7.16
2018-03-05,7.25
2018-03-06,7.11
2018-03-07,7.18
2018-03-12,7.31
2018-03-13,7.31
2018-03-14,7.31
2018-03-15,7.28
2018-03-16,7.15
2018-03-19,7.14
2018-03-20,7.16
2018-03-21,7.04
2018-03-22,7.12
2018-03-23,6.9
2018-03-26,7.15
2018-03-27,7.08
2018-03-28,6.88
2018-03-29,7.0
2018-03-30,7.19
2018-04-02,7.07
2018-04-03,6.98
2018-04-04,6.94
2018-04-05,7.01
2018-04-06,7.06
2018-04-09,7.07
2018-04-10,7.24
2018-04-11,7.0
2018-04-12,6.99
2018-04-13,6.99
2018-04-16,7.01
2018-04-17,7.01
2018-04-18,7.1
2018-04-19,7.02
2018-04-20,7.03
2018-04-23,6.8
2018-04-24,6.8
2018-04-25,6.91
2018-04-26,7.05
2018-04-27,7.0
2018-04-28,7.07
2018-05-03,7.0
2018-05-04,6.84
2018-05-07,6.7
2018-05-08,6.47
2018-05-10,6.79
2018-05-11,6.77
2018-05-14,6.87
2018-05-15,6.98
2018-05-16,7.04
2018-05-17,7.1
2018-05-18,7.15
2018-05-21,7.05
2018-05-22,7.05
2018-05-23,6.98
2018-05-24,6.84
2018-05-25,6.98
2018-05-28,7.07
2018-05-29,7.08
2018-05-30,7.12
2018-05-31,7.1
2018-06-01,6.96
2018-06-04,6.71
2018-06-05,6.75
2018-06-06,7.0
2018-06-07,7.0
2018-06-08,7.0
2018-06-09,6.76
2018-06-13,6.99
2018-06-14,7.0
2018-06-15,6.98
2018-06-18,7.01
2018-06-19,7.0
2018-06-20,6.99
2018-06-21,6.96
2018-06-22,6.96
2018-06-25,7.11
2018-06-26,7.27
2018-06-27,7.21
2018-06-28,7.13
2018-06-29,7.16
2018-07-02,7.01
2018-07-03,6.72
2018-07-04,7.02
2018-07-05,7.0
2018-07-06,6.73
2018-07-09,6.64
2018-07-10,7.03
2018-07-11,7.06
2018-07-12,7.09
2018-07-13,7.13
2018-07-16,7.14
2018-07-17,7.19
2018-07-18,7.05
2018-07-19,7.09
2018-07-20,7.01
2018-07-23,6.76
2018-07-24,6.8
2018-07-25,7.0
2018-07-26,7.19
2018-07-27,7.71
2018-07-30,7.72
2018-07-31,7.74
2018-08-01,7.04
2018-08-02,6.97
2018-08-03,6.88
2018-08-06,6.86
2018-08-07,6.85
2018-08-08,7.02
2018-08-09,7.1
2018-08-10,7.15
2018-08-13,7.14
2018-08-14,7.18
2018-08-15,7.09
2018-08-16,7.08
2018-08-17,6.95
2018-08-20,6.97
2018-08-21,6.91
2018-08-22,6.96
2018-08-23,6.73
2018-08-24,6.97
2018-08-27,7.22
2018-08-28,7.26
2018-08-29,7.18
2018-08-30,7.14
2018-08-31,7.14
2018-09-03,7.15
2018-09-04,7.17
2018-09-05,7.0
2018-09-06,6.87
2018-09-07,6.97
2018-09-10,6.98
2018-09-11,7.01
2018-09-12,6.81
2018-09-13,7.0
2018-09-14,7.02
2018-09-17,7.24
2018-09-18,7.24
2018-09-19,7.01
2018-09-20,7.29
2018-09-21,7.23
2018-09-24,7.22
2018-09-25,7.47
2018-09-26,7.24
2018-09-27,7.23
2018-09-28,7.4
2018-10-01,7.27
2018-10-02,7.25
2018-10-03,7.36
2018-10-04,7.42
2018-10-05,7.53
2018-10-08,7.36
2018-10-09,7.06
2018-10-10,7.16
2018-10-11,7.32
2018-10-12,7.33
2018-10-15,7.35
2018-10-16,7.27
2018-10-17,7.29
2018-10-18,7.41
2018-10-19,7.36
2018-10-22,7.16
2018-10-23,7.1
2018-10-24,7.05
2018-10-25,7.32
2018-10-26,7.25
2018-10-29,7.2
2018-10-30,7.12
2018-10-31,7.06
2018-11-01,6.86
2018-11-02,7.28
2018-11-06,7.5
2018-11-07,7.35
2018-11-08,7.34
2018-11-09,7.37
2018-11-12,7.43
2018-11-13,7.39
2018-11-14,7.15
2018-11-15,7.01
2018-11-16,6.92
2018-11-19,7.01
2018-11-20,7.06
2018-11-21,7.12
2018-11-22,6.91
2018-11-23,7.07
2018-11-26,7.43
2018-11-27,7.57
2018-11-28,7.46
2018-11-29,7.29
2018-11-30,7.5
2018-12-03,7.28
2018-12-04,7.41
2018-12-05,7.41
2018-12-06,7.41
2018-12-07,7.38
2018-12-10,7.42
2018-12-11,7.43
2018-12-12,7.4
2018-12-13,7.38
2018-12-14,7.5
2018-12-17,7.57
2018-12-18,7.67
2018-12-19,7.68
2018-12-20,7.66
2018-12-21,7.66
2018-12-24,7.62
2018-12-25,7.62
2018-12-26,7.43
2018-12-27,7.55
2018-12-28,7.07
2019-01-09,7.59
2019-01-10,7.53
2019-01-11,7.53
2019-01-14,7.53
2019-01-15,7.53
2019-01-16,7.56
2019-01-17,7.58
2019-01-18,7.63
2019-01-21,7.62
2019-01-22,7.66
2019-01-23,7.56
2019-01-24,7.55
2019-01-25,7.71
2019-01-28,7.76
2019-01-29,7.78
2019-01-30,7.72
2019-01-31,7.62
2019-02-01,7.6
2019-02-04,7.5
2019-02-05,7.53
2019-02-06,7.58
2019-02-07,7.61
2019-02-08,7.6
2019-02-11,7.61
2019-02-12,7.48
2019-02-13,7.53
2019-02-14,7.34
2019-02-15,7.54
2019-02-18,7.56
2019-02-19,7.62
2019-02-20,7.54
2019-02-21,7.38
2019-02-22,7.2
2019-02-25,7.5
2019-02-26,7.49
2019-02-27,7.64
2019-02-28,7.54
2019-03-01,7.51
2019-03-04,7.59
2019-03-05,7.72
2019-03-06,7.73
2019-03-07,7.78
2019-03-11,7.69
2019-03-12,7.54
2019-03-13,7.53
2019-03-14,7.48
2019-03-15,7.5
2019-03-18,7.45
2019-03-19,7.46
2019-03-20,7.42
2019-03-21,7.44
2019-03-22,7.45
2019-03-25,7.81
2019-03-26,7.76
2019-03-27,7.63
2019-03-28,7.52
2019-03-29,7.81
2019-04-01,7.61
2019-04-02,7.61
2019-04-03,7.64
2019-04-04,7.72
2019-04-05,7.82
2019-04-08,7.64
2019-04-09,7.7
2019-04-10,7.64
2019-04-11,7.79
2019-04-12,7.89
2019-04-15,7.89
2019-04-16,7.98
2019-04-17,7.59
2019-04-18,7.59
2019-04-19,7.61
2019-04-22,7.45
2019-04-23,7.36
2019-04-24,7.32
2019-04-25,7.49
2019-04-26,7.56
2019-04-29,7.96
2019-04-30,7.96
2019-05-06,7.37
2019-05-07,7.5
2019-05-08,7.59
2019-05-13,7.76
2019-05-14,7.61
2019-05-15,7.65
2019-05-16,7.63
2019-05-17,7.68
2019-05-20,7.67
2019-05-21,7.63
2019-05-22,7.5
2019-05-23,7.48
2019-05-24,7.4
2019-05-27,7.6
2019-05-28,7.84
2019-05-29,7.81
2019-05-30,8.06
2019-05-31,7.89
2019-06-03,7.71
2019-06-04,7.56
2019-06-05,7.75
2019-06-06,7.73
2019-06-07,7.59
2019-06-10,7.54
2019-06-11,7.53
2019-06-13,7.5
2019-06-14,7.49
2019-06-17,7.41
2019-06-18,7.48
2019-06-19,7.49
2019-06-20,7.4
2019-06-21,7.41
2019-06-24,7.41
2019-06-25,7.51
2019-06-26,7.43
2019-06-27,7.5
2019-06-28,7.55
2019-07-01,7.39
2019-07-02,7.34
2019-07-03,7.28
2019-07-04,7.37
2019-07-05,7.14
2019-07-08,6.99
2019-07-09,7.2
2019-07-10,7.31
2019-07-11,7.25
2019-07-12,7.26
2019-07-15,7.26
2019-07-16,7.28
2019-07-17,7.28
2019-07-18,7.27
2019-07-19,7.27
2019-07-22,7.2
2019-07-23,7.23
2019-07-24,7.11
2019-07-25,7.23
2019-07-26,7.18
2019-07-29,7.15
2019-07-30,7.25
2019-07-31,7.3
2019-08-01,7.28
2019-08-02,7.18
2019-08-05,7.04
2019-08-06,7.04
2019-08-07,7.1
2019-08-08,7.08
2019-08-09,7.06
2019-08-12,7.04
2019-08-13,7.01
2019-08-14,7.02
2019-08-15,7.0
2019-08-16,7.05
2019-08-19,7.08
2019-08-20,7.05
2019-08-21,6.98
2019-08-22,6.98
2019-08-23,7.0
2019-08-26,7.41
2019-08-27,7.17
2019-08-28,7.11
2019-08-29,7.04
2019-08-30,7.13
2019-09-02,7.1
2019-09-03,7.13
2019-09-04,6.99
2019-09-05,6.83
2019-09-06,6.91
2019-09-09,6.75
2019-09-10,6.71
2019-09-11,6.78
2019-09-12,6.84
2019-09-13,6.74
2019-09-16,6.73
2019-09-17,6.79
2019-09-18,6.74
2019-09-19,6.88
2019-09-20,6.69
2019-09-23,6.69
2019-09-24,6.63
2019-09-25,6.97
2019-09-26,6.79
2019-09-27,6.8
2019-09-30,6.89
2019-10-01,6.85
2019-10-02,6.81
2019-10-03,6.79
2019-10-04,6.82
2019-10-07,7.16
2019-10-08,6.82
2019-10-09,6.86
2019-10-10,6.78
2019-10-11,6.8
2019-10-14,6.75
2019-10-15,6.83
2019-10-16,6.81
2019-10-17,6.79
2019-10-18,6.77
2019-10-21,6.77
2019-10-22,6.61
2019-10-23,6.62
2019-10-24,6.63
2019-10-25,6.75
2019-10-28,6.71
2019-10-29,6.76
2019-10-30,6.56
2019-10-31,6.6
2019-11-01,6.35
2019-11-05,6.27
2019-11-06,6.53
2019-11-07,6.42
2019-11-08,6.4
2019-11-11,6.37
2019-11-12,6.43
2019-11-13,6.38
2019-11-14,6.39
2019-11-15,6.41
2019-11-18,6.43
2019-11-19,6.5
2019-11-20,6.49
2019-11-21,6.45
2019-11-22,6.49
2019-11-25,6.56
2019-11-26,6.51
2019-11-27,6.46
2019-11-28,6.49
2019-11-29,6.6
2019-12-02,6.6
2019-12-03,6.48
2019-12-04,6.46
2019-12-05,6.39
2019-12-06,6.24
2019-12-09,6.2
2019-12-10,6.12
2019-12-11,6.22
2019-12-12,6.04
2019-12-13,5.98
2019-12-16,5.9
2019-12-17,5.85
2019-12-18,5.89
2019-12-19,5.94
2019-12-20,6.04
2019-12-23,6.02
2019-12-24,6.07
2019-12-25,6.22
2019-12-26,6.18
2019-12-27,6.23
2019-12-30,6.23
2020-01-09,6.17
2020-01-10,6.15
2020-01-13,6.02
2020-01-14,5.87
2020-01-15,6.07
2020-01-16,5.95
2020-01-17,5.93
2020-01-20,5.91
2020-01-21,5.94
2020-01-22,6.0
2020-01-23,5.99
2020-01-24,5.95
2020-01-27,6.19
2020-01-28,6.15
2020-01-29,6.18
2020-01-30,6.14
2020-01-31,6.05
2020-02-03,6.01
2020-02-04,5.93
2020-02-05,6.01
2020-02-06,6.01
2020-02-07,6.04
2020-02-10,5.96
2020-02-11,5.87
2020-02-12,5.82
2020-02-13,5.83
2020-02-14,5.79
2020-02-17,5.8
2020-02-18,5.8
2020-02-19,5.84
2020-02-20,5.81
2020-02-21,5.82
2020-02-25,5.97
2020-02-26,5.97
2020-02-27,5.95
2020-02-28,6.32
2020-03-02,5.96
2020-03-03,5.95
2020-03-04,5.9
2020-03-05,5.87
2020-03-06,5.95
2020-03-10,5.87
2020-03-11,5.56
2020-03-12,5.63
2020-03-13,5.3
2020-03-16,5.32
2020-03-17,5.3
2020-03-18,5.42
2020-03-19,5.72
2020-03-20,5.9
2020-03-23,5.8
2020-03-24,5.88
2020-03-25,5.84
2020-03-26,5.91
2020-03-27,6.24
2020-04-06,5.89
2020-04-07,5.74
2020-04-08,5.76
2020-04-09,5.89
2020-04-10,5.96
2020-04-13,5.83
2020-04-14,5.91
2020-04-15,5.96
2020-04-16,6.01
2020-04-17,6.12
2020-04-20,6.11
2020-04-21,6.15
2020-04-22,6.16
2020-04-23,6.16
2020-04-24,5.85
2020-04-27,5.58
2020-04-28,5.71
2020-04-29,5.89
2020-04-30,5.76
2020-05-06,5.35
2020-05-07,5.34
2020-05-08,5.19
2020-05-12,5.45
2020-05-13,5.51
2020-05-14,5.37
2020-05-15,5.27
2020-05-18,5.28
2020-05-19,5.3
2020-05-20,5.36
2020-05-21,5.32
2020-05-22,5.34
2020-05-25,5.41
2020-05-26,5.46
2020-05-27,5.5
2020-05-28,5.52
2020-05-29,5.47
2020-06-01,5.42
2020-06-02,5.34
2020-06-03,5.33
2020-06-04,5.37
2020-06-05,5.32
2020-06-08,5.09
2020-06-09,5.27
2020-06-10,5.14
2020-06-11,5.12
2020-06-15,5.06
2020-06-16,5.03
2020-06-17,4.83
2020-06-18,4.75
2020-06-19,4.69
2020-06-22,4.39
2020-06-23,4.42
2020-06-25,4.52
2020-06-26,4.51
2020-06-29,4.51
2020-06-30,4.38
2020-07-02,4.22
2020-07-03,4.05
2020-07-06,4.11
2020-07-07,4.25
2020-07-08,4.3
2020-07-09,4.28
2020-07-10,4.34
2020-07-13,4.35
2020-07-14,4.32
2020-07-15,4.25
2020-07-16,4.13
2020-07-17,4.14
2020-07-20,4.12
2020-07-21,4.12
2020-07-22,4.11
2020-07-23,4.03
2020-07-24,3.96
2020-07-27,4.03
2020-07-28,4.11
2020-07-29,4.15
2020-07-30,4.24
2020-07-31,4.26
2020-08-03,3.92
2020-08-04,4.03
2020-08-05,4.1
2020-08-06,4.13
2020-08-07,4.17
2020-08-10,4.18
2020-08-11,4.18
2020-08-12,4.09
2020-08-13,4.08
2020-08-14,4.11
2020-08-17,4.11
2020-08-18,4.12
2020-08-19,4.1
2020-08-20,4.12
2020-08-21,4.1
2020-08-24,4.06
2020-08-25,4.16
2020-08-26,4.17
2020-08-27,4.15
2020-08-28,4.18
2020-08-31,4.1
2020-09-01,4.1
2020-09-02,4.12
2020-09-03,4.15
2020-09-04,4.13
2020-09-07,4.0
2020-09-08,4.38
2020-09-09,4.12
2020-09-10,4.11
2020-09-11,4.1
2020-09-14,4.12
2020-09-15,4.18
2020-09-16,4.2
2020-09-17,4.24
2020-09-18,4.2
2020-09-21,4.16
2020-09-22,4.19
2020-09-23,4.2
2020-09-24,4.14
2020-09-25,4.23
2020-09-28,4.21
2020-09-29,4.19
2020-09-30,4.19
2020-10-01,4.08
2020-10-02,3.9
2020-10-05,4.04
2020-10-06,4.0
2020-10-07,4.2
2020-10-08,4.2
2020-10-09,4.24
2020-10-12,4.25
2020-10-13,4.24
2020-10-14,4.22
2020-10-15,4.24
2020-10-16,4.27
2020-10-19,4.22
2020-10-20,4.24
2020-10-21,4.24
2020-10-22,4.23
2020-10-23,4.23
2020-10-26,4.24
2020-10-27,4.23
2020-10-28,4.26
2020-10-29,4.26
2020-10-30,4.26
2020-11-02,4.15
2020-11-03,4.09
2020-11-05,4.14
2020-11-06,4.08
2020-11-09,3.78
2020-11-10,3.79
2020-11-11,4.14
2020-11-12,4.17
2020-11-13,4.2
2020-11-16,4.15
2020-11-17,4.18
2020-11-18,4.1
2020-11-19,4.1
2020-11-20,4.08
2020-11-23,4.02
2020-11-24,4.01
2020-11-25,4.06
2020-11-26,4.07
2020-11-27,4.03
2020-11-30,4.07
2020-12-01,4.06
2020-12-02,4.02
2020-12-03,4.02
2020-12-04,4.01
2020-12-07,3.64
2020-12-08,3.58
2020-12-09,4.05
2020-12-10,4.11
2020-12-11,4.19
2020-12-14,4.17
2020-12-15,4.25
2020-12-16,4.32
2020-12-17,4.31
2020-12-18,4.27
2020-12-21,4.27
2020-12-22,4.28
2020-12-23,4.2
2020-12-24,4.2
2020-12-25,4.19
2020-12-28,4.24
2020-12-29,4.2
2020-12-30,4.27
2021-01-11,4.27
2021-01-12,4.18
2021-01-13,4.23
2021-01-14,4.24
2021-01-15,4.25
2021-01-18,4.3
2021-01-19,4.3
2021-01-20,4.31
2021-01-21,4.35
2021-01-22,4.27
2021-01-25,4.27
2021-01-26,4.35
2021-01-27,4.25
2021-01-28,4.27
2021-01-29,4.43
2021-02-01,4.23
2021-02-02,4.1
2021-02-03,4.0
2021-02-04,4.0
2021-02-05,3.73
2021-02-08,3.28
2021-02-09,4.16
2021-02-10,4.09
2021-02-11,4.02
2021-02-12,4.0
2021-02-15,3.94
2021-02-16,3.91
2021-02-17,4.0
2021-02-18,4.05
2021-02-19,4.02
2021-02-20,4.06
2021-02-24,4.06
2021-02-25,4.16
2021-02-26,4.18
2021-03-01,4.06
2021-03-02,4.01
2021-03-03,4.06
2021-03-04,4.07
2021-03-05,4.04
2021-03-09,4.35
2021-03-10,4.09
2021-03-11,4.11
2021-03-12,4.14
2021-03-15,4.13
2021-03-16,4.13
2021-03-17,4.12
2021-03-18,4.11
2021-03-19,4.14
2021-03-22,4.24
2021-03-23,4.22
2021-03-24,4.28
2021-03-25,4.41
2021-03-26,4.31
2021-03-29,4.45
2021-03-30,4.48
2021-03-31,4.45
2021-04-01,4.45
2021-04-02,4.38
2021-04-05,4.25
2021-04-06,4.12
2021-04-07,4.37
2021-04-08,4.45
2021-04-09,4.43
2021-04-12,4.46
2021-04-13,4.52
2021-04-14,4.46
2021-04-15,4.47
2021-04-16,4.45
2021-04-19,4.27
2021-04-20,4.37
2021-04-21,4.35
2021-04-22,4.36
2021-04-23,4.4
2021-04-26,4.81
2021-04-27,4.6
2021-04-28,4.85
2021-04-29,4.88
2021-04-30,4.84
2021-05-04,4.71
2021-05-05,4.53
2021-05-06,4.3
2021-05-07,4.23
2021-05-11,4.27
2021-05-12,4.75
2021-05-13,4.84
2021-05-14,4.97
2021-05-17,4.97
2021-05-18,4.97
2021-05-19,4.91
2021-05-20,4.81
2021-05-21,4.82
2021-05-24,4.77
2021-05-25,4.89
2021-05-26,4.9
2021-05-27,4.93
2021-05-28,4.97
2021-05-31,4.85
2021-06-01,4.77
2021-06-02,4.8
2021-06-03,4.74
2021-06-04,4.75
2021-06-07,4.38
2021-06-08,4.73
2021-06-09,5.0
2021-06-10,5.04
2021-06-11,5.2
2021-06-15,5.36
2021-06-16,5.36
2021-06-17,5.35
2021-06-18,5.34
2021-06-21,5.17
2021-06-22,5.18
2021-06-23,5.09
2021-06-24,5.1
2021-06-25,5.43
2021-06-28,5.46
2021-06-29,5.42
2021-06-30,5.28
2021-07-01,5.06
2021-07-02,5.11
2021-07-05,5.31
2021-07-06,5.27
2021-07-07,5.36
2021-07-08,5.41
2021-07-09,5.48
2021-07-12,5.5
2021-07-13,5.55
2021-07-14,5.6
2021-07-15,5.6
2021-07-16,5.71
2021-07-19,5.78
2021-07-20,5.85
2021-07-21,5.76
2021-07-22,5.7
2021-07-23,5.75
2021-07-26,6.25
2021-07-27,6.24
2021-07-28,6.61
2021-07-29,7.19
2021-07-30,6.76
2021-08-02,6.19
2021-08-03,5.61
2021-08-04,5.86
2021-08-05,5.75
2021-08-06,6.02
2021-08-09,6.22
2021-08-10,6.25
2021-08-11,6.24
2021-08-12,6.32
2021-08-13,6.39
2021-08-16,6.5
2021-08-17,6.7
2021-08-18,6.48
2021-08-19,6.46
2021-08-20,6.46
2021-08-23,6.4
2021-08-24,6.45
2021-08-25,6.51
2021-08-26,6.48
2021-08-27,6.47
2021-08-30,6.51
2021-08-31,6.48
2021-09-01,6.32
2021-09-02,6.05
2021-09-03,6.32
2021-09-06,6.27
2021-09-07,6.34
2021-09-08,6.44
2021-09-09,6.51
2021-09-10,6.69
2021-09-13,6.63
2021-09-14,6.67
2021-09-15,6.65
2021-09-16,6.7
2021-09-17,6.69
2021-09-20,6.75
2021-09-21,6.65
2021-09-22,6.59
2021-09-23,6.51
2021-09-24,6.56
2021-09-27,6.69
2021-09-28,6.75
2021-09-29,6.68
2021-09-30,6.78
2021-10-01,6.64
2021-10-04,6.63
2021-10-05,6.45
2021-10-06,6.41
2021-10-07,6.39
2021-10-08,6.33
2021-10-11,6.54
2021-10-12,6.28
2021-10-13,6.67
2021-10-14,6.78
2021-10-15,6.79
2021-10-18,6.9
2021-10-19,6.85
2021-10-20,6.86
2021-10-21,6.82
2021-10-22,7.0
2021-10-25,7.38
2021-10-26,7.3
2021-10-27,7.28
2021-10-28,7.33
2021-10-29,7.35
2021-11-01,7.11
2021-11-02,6.86
2021-11-03,7.09
2021-11-08,7.4
2021-11-09,7.5
2021-11-10,7.29
2021-11-11,7.32
2021-11-12,7.26
2021-11-15,7.32
2021-11-16,7.37
2021-11-17,7.44
2021-11-18,7.48
2021-11-19,7.39
2021-11-22,7.3
2021-11-23,7.3
2021-11-24,7.27
2021-11-25,7.49
2021-11-26,7.33
2021-11-29,7.36
2021-11-30,7.27
2021-12-01,6.93
2021-12-02,6.93
2021-12-03,7.16
2021-12-06,7.21
2021-12-07,7.24
2021-12-08,7.44
2021-12-09,7.49
2021-12-10,7.45
2021-12-13,7.4
2021-12-14,7.38
2021-12-15,7.36
2021-12-16,7.35
2021-12-17,7.5
2021-12-20,8.07
2021-12-21,7.79
2021-12-22,8.08
2021-12-23,7.77
2021-12-24,8.01
2021-12-27,8.15
2021-12-28,8.29
2021-12-29,8.13
2022-01-10,8.04
2022-01-11,8.06
2022-01-12,8.07
2022-01-13,8.09
2022-01-14,8.2
2022-01-17,8.29
2022-01-18,8.28
2022-01-19,8.25
2022-01-20,8.26
2022-01-21,8.29
2022-01-24,8.33
2022-01-25,8.42
2022-01-26,8.45
2022-01-27,8.47
2022-01-28,8.42
2022-01-31,8.28
2022-02-01,8.13
2022-02-02,8.17
2022-02-03,8.12
2022-02-04,8.01
2022-02-07,7.82
2022-02-08,8.25
2022-02-09,8.51
2022-02-10,8.71
2022-02-11,8.97
2022-02-14,9.36
2022-02-15,9.4
2022-02-16,9.5
2022-02-17,9.5
2022-02-18,9.54
2022-02-21,9.5
2022-02-22,9.64
2022-02-24,9.65
2022-02-25,10.0
2022-02-28,20.0
2022-03-01,20.51
2022-03-02,21.01
2022-03-03,20.29
2022-03-04,20.59
2022-03-05,20.44
2022-03-09,20.39
2022-03-10,21.21
2022-03-11,20.52
2022-03-14,20.41
2022-03-15,20.34
2022-03-16,20.02
2022-03-17,20.0
2022-03-18,19.83
2022-03-21,19.67
2022-03-22,19.5
2022-03-23,19.5
2022-03-24,19.52
2022-03-25,19.53
2022-03-28,19.49
2022-03-29,19.3
2022-03-30,19.4
2022-03-31,19.25
2022-04-01,19.25
2022-04-04,19.08
2022-04-05,19.05
2022-04-06,19.24
2022-04-07,19.25
2022-04-08,19.24
2022-04-11,16.28
2022-04-12,16.31
2022-04-13,16.25
2022-04-14,16.25
2022-04-15,16.25
2022-04-18,16.25
2022-04-19,16.25
2022-04-20,16.24
2022-04-21,16.25
2022-04-22,16.25
2022-04-25,16.25
2022-04-26,16.31
2022-04-27,16.35
2022-04-28,16.5
2022-04-29,16.56
2022-05-04,13.68
2022-05-05,14.0
2022-05-06,14.15
2022-05-11,14.09
2022-05-12,14.1
2022-05-13,14.16
2022-05-16,13.53
2022-05-17,13.98
2022-05-18,13.96
2022-05-19,13.89
2022-05-20,13.68
2022-05-23,13.66
2022-05-24,13.5
2022-05-25,13.54
2022-05-26,13.34
2022-05-27,10.65
2022-05-30,10.7
2022-05-31,10.75
2022-06-01,10.65
2022-06-02,10.64
2022-06-03,10.64
2022-06-06,10.38
2022-06-07,10.29
2022-06-08,10.49
2022-06-09,10.83
2022-06-10,10.6
2022-06-14,9.71
2022-06-15,9.6
2022-06-16,9.3
2022-06-17,8.99
2022-06-20,8.75
2022-06-21,8.89
2022-06-22,8.89
2022-06-23,8.95
2022-06-24,8.86
2022-06-27,8.85
2022-06-28,8.99
2022-06-29,8.99
2022-06-30,9.0
2022-07-01,8.9
2022-07-04,8.76
2022-07-05,8.76
2022-07-06,8.83
2022-07-07,8.94
2022-07-08,9.1
2022-07-11,9.35
2022-07-12,9.56
2022-07-13,9.1
2022-07-14,9.23
2022-07-15,9.34
2022-07-18,9.35
2022-07-19,9.32
2022-07-20,9.29
2022-07-21,9.31
2022-07-22,9.24
2022-07-25,8.05
2022-07-26,8.09
2022-07-27,8.26
2022-07-28,8.1
2022-07-29,8.1
2022-08-01,8.09
2022-08-02,8.05
2022-08-03,7.99
2022-08-04,7.76
2022-08-05,7.74
2022-08-08,7.58
2022-08-09,8.03
2022-08-10,7.89
2022-08-11,8.07
2022-08-12,8.19
2022-08-15,8.08
2022-08-16,7.94
2022-08-17,7.86
2022-08-18,7.87
2022-08-19,8.03
2022-08-22,7.92
2022-08-23,7.99
2022-08-24,7.96
2022-08-25,7.91
2022-08-26,7.89
2022-08-29,8.02
2022-08-30,7.89
2022-08-31,8.03
2022-09-01,7.94
2022-09-02,7.84
2022-09-05,7.9
2022-09-06,7.8
2022-09-07,7.81
2022-09-08,7.8
2022-09-09,7.82
2022-09-12,7.54
2022-09-13,7.77
2022-09-14,7.7
2022-09-15,7.74
2022-09-16,7.59
2022-09-19,7.34
2022-09-20,7.41
2022-09-21,7.54
2022-09-22,7.59
2022-09-23,7.52
2022-09-26,7.5
2022-09-27,7.58
2022-09-28,7.73
2022-09-29,7.89
2022-09-30,7.86
2022-10-03,8.17
2022-10-04,7.92
2022-10-05,7.9
2022-10-06,7.95
2022-10-07,7.97
2022-10-10,7.62
2022-10-11,7.55
2022-10-12,7.62
2022-10-13,7.65
2022-10-14,7.6
2022-10-17,7.56
2022-10-18,7.63
2022-10-19,7.65
2022-10-20,7.71
2022-10-21,7.72
2022-10-24,7.69
2022-10-25,7.7
2022-10-26,7.65
2022-10-27,7.62
2022-10-28,7.64
2022-10-31,7.54
2022-11-01,7.6
2022-11-02,7.65
2022-11-03,7.68
2022-11-07,7.63
2022-11-08,7.6
2022-11-09,7.68
2022-11-10,7.58
2022-11-11,7.09
2022-11-14,6.95
2022-11-15,7.09
2022-11-16,7.54
2022-11-17,7.55
2022-11-18,7.54
2022-11-21,7.42
2022-11-22,7.25
2022-11-23,6.92
2022-11-24,6.82
2022-11-25,7.03
2022-11-28,7.06
2022-11-29,7.14
2022-11-30,7.18
2022-12-01,7.22
2022-12-02,7.42
2022-12-05,7.29
2022-12-06,7.21
2022-12-07,7.26
2022-12-08,7.28
2022-12-09,7.3
2022-12-12,7.24
2022-12-13,7.22
2022-12-14,7.23
2022-12-15,7.24
2022-12-16,7.43
2022-12-19,7.38
2022-12-20,7.42
2022-12-21,7.41
2022-12-22,7.36
2022-12-23,7.35
2022-12-26,7.39
2022-12-27,7.32
2022-12-28,7.36
2022-12-29,7.37
2023-01-09,7.34
2023-01-10,7.21
2023-01-11,7.01
2023-01-12,6.94
2023-01-13,6.75
2023-01-16,6.87
2023-01-17,6.96
2023-01-18,6.99
2023-01-19,6.96
2023-01-20,6.94
2023-01-23,6.99
2023-01-24,6.97
2023-01-25,6.99
2023-01-26,6.97
2023-01-27,7.0
2023-01-30,7.0
2023-01-31,7.11
2023-02-01,7.07
2023-02-02,7.01
2023-02-03,7.0
2023-02-06,6.97
2023-02-07,6.89
2023-02-08,6.9
2023-02-09,6.89
2023-02-10,6.89
2023-02-13,6.83
2023-02-14,7.26
2023-02-15,7.1
2023-02-16,7.18
2023-02-17,7.27
2023-02-20,7.31
2023-02-21,7.4
2023-02-22,7.49
2023-02-27,7.46
2023-02-28,7.51
2023-03-01,7.6
2023-03-02,7.61
2023-03-03,7.65
2023-03-06,7.6
2023-03-07,7.61
2023-03-09,7.59
2023-03-10,7.35
2023-03-13,7.02
2023-03-14,7.14
2023-03-15,7.29
2023-03-16,7.29
2023-03-17,7.28
2023-03-20,7.25
2023-03-21,7.26
2023-03-22,7.27
2023-03-23,7.11
2023-03-24,7.06
2023-03-27,7.11
2023-03-28,7.35
2023-03-29,7.43
2023-03-30,7.34
2023-03-31,7.25
2023-04-03,7.18
2023-04-04,6.98
2023-04-05,6.98
2023-04-06,6.92
2023-04-07,7.14
2023-04-10,7.08
2023-04-11,7.3
2023-04-12,7.18
2023-04-13,7.19
2023-04-14,7.35
2023-04-17,7.38
2023-04-18,7.45
2023-04-19,7.32
2023-04-20,7.26
2023-04-21,7.21
2023-04-24,6.98
2023-04-25,6.97
2023-04-26,6.81
2023-04-27,6.78
2023-04-28,7.53
2023-05-02,7.44
2023-05-03,7.11
2023-05-04,7.0
2023-05-05,6.91
2023-05-10,6.96
2023-05-11,6.95
2023-05-12,6.83
2023-05-15,7.39
2023-05-16,7.38
2023-05-17,7.28
2023-05-18,7.3
2023-05-19,7.3
2023-05-22,7.31
2023-05-23,7.23
2023-05-24,7.31
2023-05-25,7.22
2023-05-26,7.32
2023-05-29,7.3
2023-05-30,7.32
2023-05-31,7.37
2023-06-01,7.27
2023-06-02,7.33
2023-06-05,7.36
2023-06-06,7.32
2023-06-07,7.39
2023-06-08,7.31
2023-06-09,7.28
2023-06-13,7.49
2023-06-14,7.34
2023-06-15,7.35
2023-06-16,7.3
2023-06-19,7.25
2023-06-20,7.22
2023-06-21,7.25
2023-06-22,7.15
2023-06-23,7.13
2023-06-26,7.15
2023-06-27,7.14
2023-06-28,7.26
2023-06-29,7.41
2023-06-30,7.45
2023-07-03,7.34
2023-07-04,7.35
2023-07-05,7.31
2023-07-06,7.37
2023-07-07,7.35
2023-07-10,7.4
2023-07-11,7.58
2023-07-12,7.56
2023-07-13,7.66
2023-07-14,7.8
2023-07-17,8.09
2023-07-18,7.78
2023-07-19,7.96
2023-07-20,7.99
2023-07-21,8.04
2023-07-24,8.25
2023-07-25,8.16
2023-07-26,8.25
2023-07-27,8.4
2023-07-28,8.38
2023-07-31,8.42
2023-08-01,8.47
2023-08-02,8.49
2023-08-03,8.29
2023-08-04,8.17
2023-08-07,8.21
2023-08-08,8.48
2023-08-09,8.35
2023-08-10,8.35
2023-08-11,8.33
2023-08-14,8.51
2023-08-15,11.69
2023-08-16,11.77
2023-08-17,11.88
2023-08-18,11.81
2023-08-21,11.86
2023-08-22,11.89
2023-08-23,11.86
2023-08-24,11.91
2023-08-25,11.9
2023-08-28,11.91
2023-08-29,11.92
2023-08-30,11.92
2023-08-31,11.84
2023-09-01,11.9
2023-09-04,11.94
2023-09-05,11.96
2023-09-06,11.91
2023-09-07,11.96
2023-09-08,11.92
2023-09-11,11.95
2023-09-12,12.01
2023-09-13,11.99
2023-09-14,12.2
2023-09-15,12.41
2023-09-18,12.7
2023-09-19,12.55
2023-09-20,12.44
2023-09-21,12.45
2023-09-22,12.45
2023-09-25,12.39
2023-09-26,12.39
2023-09-27,12.47
2023-09-28,12.38
2023-09-29,12.43
2023-10-02,12.49
2023-10-03,12.44
2023-10-04,12.43
2023-10-05,12.48
2023-10-06,12.43
2023-10-09,12.99
2023-10-10,13.06
2023-10-11,12.69
2023-10-12,13.0
2023-10-13,13.15
2023-10-16,13.19
2023-10-17,13.17
2023-10-18,13.2
2023-10-19,13.17
2023-10-20,13.14
2023-10-23,13.11
2023-10-24,13.11
2023-10-25,12.87
2023-10-26,12.68
2023-10-27,12.67
2023-10-30,14.75
2023-10-31,14.5
2023-11-01,14.43
2023-11-02,14.31
2023-11-03,14.23
2023-11-07,14.18
2023-11-08,14.25
2023-11-09,14.41
2023-11-10,14.63
2023-11-13,14.8
2023-11-14,14.92
2023-11-15,14.73
2023-11-16,15.01
2023-11-17,15.03
2023-11-20,15.02
2023-11-21,15.08
2023-11-22,15.17
2023-11-23,15.02
2023-11-24,15.19
2023-11-27,15.17
2023-11-28,15.2
2023-11-29,15.06
2023-11-30,14.91
2023-12-01,14.9
2023-12-04,14.78
2023-12-05,14.7
2023-12-06,14.55
2023-12-07,14.52
2023-12-08,14.49
2023-12-11,14.98
2023-12-12,15.0
2023-12-13,15.16
2023-12-14,15.39
2023-12-15,15.73
2023-12-18,15.71
2023-12-19,15.5
2023-12-20,15.53
2023-12-21,15.34
2023-12-22,15.3
2023-12-25,15.3
2023-12-26,15.25
2023-12-27,15.25
2023-12-28,15.27
2024-01-09,15.59
2024-01-10,15.34
2024-01-11,15.2
2024-01-12,15.15
2024-01-15,15.42
2024-01-16,15.56
2024-01-17,15.59
2024-01-18,15.62
2024-01-19,15.8
2024-01-22,15.83
2024-01-23,15.98
2024-01-24,15.98
2024-01-25,16.0
2024-01-26,15.74
2024-01-29,16.0
2024-01-30,16.01
2024-01-31,16.0
2024-02-01,15.82
2024-02-02,15.97
2024-02-05,16.0
2024-02-06,16.0
2024-02-07,15.96
2024-02-08,15.87
2024-02-09,15.94
2024-02-12,16.0
2024-02-13,15.84
2024-02-14,15.79
2024-02-15,15.75
2024-02-16,15.74
2024-02-19,15.74
2024-02-20,15.75
2024-02-21,15.75
2024-02-22,15.75
2024-02-26,15.74
2024-02-27,15.71
2024-02-28,15.7
2024-02-29,15.75
2024-03-01,15.44
2024-03-04,15.46
2024-03-05,15.34
2024-03-06,15.4
2024-03-07,15.67
2024-03-11,15.89
2024-03-12,16.0
2024-03-13,15.75
2024-03-14,15.75
2024-03-15,15.74
2024-03-18,15.72
2024-03-19,15.68
2024-03-20,15.7
2024-03-21,15.54
2024-03-22,15.35
2024-03-25,15.29
2024-03-26,15.5
2024-03-27,15.25
2024-03-28,15.42
2024-03-29,15.99
2024-04-01,15.63
2024-04-02,15.49
2024-04-03,15.7
2024-04-04,15.67
2024-04-05,15.72
2024-04-08,15.86
2024-04-09,15.9
2024-04-10,15.61
2024-04-11,15.64
2024-04-12,15.73
2024-04-15,15.7
2024-04-16,15.74
2024-04-17,15.72
2024-04-18,15.72
2024-04-19,15.73
2024-04-22,15.69
2024-04-23,15.73
2024-04-24,15.6
2024-04-25,15.59
2024-04-26,15.7
2024-04-27,15.86
2024-05-02,15.73
2024-05-03,15.95
2024-05-06,16.18
2024-05-07,16.14
2024-05-08,16.01
2024-05-13,16.21
2024-05-14,16.1
2024-05-15,16.0
2024-05-16,15.9
2024-05-17,15.85
2024-05-20,15.85
2024-05-21,15.85
2024-05-22,15.85
2024-05-23,15.85
2024-05-24,15.84
2024-05-27,15.8
2024-05-28,15.89
2024-05-29,15.86
2024-05-30,15.95
2024-05-31,16.14
2024-06-03,15.97
2024-06-04,15.83
2024-06-05,16.0
2024-06-06,16.12
2024-06-07,16.0
2024-06-10,15.85
2024-06-11,15.6
2024-06-13,15.7
2024-06-14,15.64
2024-06-17,15.6
2024-06-18,15.51
2024-06-19,15.37
2024-06-20,15.33
2024-06-21,15.25
2024-06-24,15.32
2024-06-25,15.51
2024-06-26,15.6
2024-06-27,15.51
2024-06-28,15.66
2024-07-01,16.04
2024-07-02,16.04
2024-07-03,16.14
2024-07-04,16.0
2024-07-05,16.0
2024-07-08,15.59
2024-07-09,15.92
2024-07-10,16.27
2024-07-11,16.46
2024-07-12,16.47
2024-07-15,16.18
2024-07-16,16.29
2024-07-17,16.2
2024-07-18,16.08
2024-07-19,15.88
2024-07-22,15.59
2024-07-23,15.44
2024-07-24,15.29
2024-07-25,15.34
2024-07-26,15.55
2024-07-29,17.27
2024-07-30,17.29
2024-07-31,17.28
2024-08-01,17.21
2024-08-02,17.22
2024-08-05,17.17
2024-08-06,17.14
2024-08-07,17.22
2024-08-08,17.23
2024-08-09,17.25
2024-08-12,17.95
2024-08-13,18.1
2024-08-14,17.65
2024-08-15,17.67
2024-08-16,17.65
2024-08-19,17.59
2024-08-20,17.62
2024-08-21,17.67
2024-08-22,17.95
2024-08-23,18.16
2024-08-26,18.22
2024-08-27,18.25
2024-08-28,18.0
2024-08-29,18.45
2024-08-30,18.98
2024-09-02,18.6
2024-09-03,18.29
2024-09-04,18.39
2024-09-05,18.46
2024-09-06,18.38
2024-09-09,17.91
2024-09-10,17.56
2024-09-11,18.15
2024-09-12,18.41
2024-09-13,18.47
2024-09-16,19.04
2024-09-17,18.65
2024-09-18,18.51
2024-09-19,18.48
2024-09-20,18.48
2024-09-23,18.49
2024-09-24,18.47
2024-09-25,18.35
2024-09-26,18.37
2024-09-27,18.33
2024-09-30,18.41
2024-10-01,18.3
2024-10-02,18.35
2024-10-03,18.28
2024-10-04,18.27
2024-10-07,18.25
2024-10-08,18.79
2024-10-09,18.56
2024-10-10,18.65
2024-10-11,18.62
2024-10-14,18.61
2024-10-15,18.61
2024-10-16,18.52
2024-10-17,18.8
2024-10-18,18.75
2024-10-21,18.64
2024-10-22,18.66
2024-10-23,18.71
2024-10-24,18.64
2024-10-25,18.72
2024-10-28,20.49
2024-10-29,20.54
2024-10-30,20.42
2024-10-31,20.57
2024-11-01,20.37
2024-11-02,20.4
2024-11-05,20.29
2024-11-06,20.27
2024-11-07,20.3
2024-11-08,20.49
2024-11-11,20.82
2024-11-12,21.09
2024-11-13,20.85
2024-11-14,20.7
2024-11-15,20.78
2024-11-18,20.75
2024-11-19,20.65
2024-11-20,20.69
2024-11-21,20.52
2024-11-22,20.63
2024-11-25,20.44
2024-11-26,20.5
2024-11-27,20.64
2024-11-28,20.87
2024-11-29,21.09
2024-12-02,21.22
2024-12-03,20.96
2024-12-04,20.97
2024-12-05,20.98
2024-12-06,20.73
2024-12-09,20.44
2024-12-10,20.64
2024-12-11,21.31
2024-12-12,21.8
2024-12-13,21.96
2024-12-16,22.02
2024-12-17,22.08
2024-12-18,21.98
2024-12-19,21.97
2024-12-20,20.99
2024-12-23,20.52
2024-12-24,20.48
2024-12-25,20.5
2024-12-26,20.5
2024-12-27,20.47
2025-01-09,21.0
2025-01-10,20.62
2025-01-13,20.49
2025-01-14,21.0
2025-01-15,20.74
2025-01-16,20.85
2025-01-17,21.06
2025-01-20,21.08
2025-01-21,21.18
2025-01-22,20.84
2025-01-23,20.73
2025-01-24,20.73
2025-01-27,20.71
2025-01-28,20.72
2025-01-29,20.68
2025-01-30,20.68
2025-01-31,20.76
2025-02-03,20.56
2025-02-04,20.26
2025-02-05,20.26
2025-02-06,20.26
2025-02-07,20.26
2025-02-10,20.43
2025-02-11,21.14
2025-02-12,20.76
2025-02-13,20.85
2025-02-14,20.98
2025-02-17,20.97
2025-02-18,20.97
2025-02-19,20.97
2025-02-20,21.0
2025-02-21,21.12
2025-02-24,21.07
2025-02-25,21.16
2025-02-26,21.17
2025-02-27,21.16
2025-02-28,21.17
2025-03-03,21.14
2025-03-04,21.24
2025-03-05,21.29
2025-03-06,21.37
2025-03-07,21.4
2025-03-10,21.45
2025-03-11,21.16
2025-03-12,21.21
2025-03-13,21.18
2025-03-14,21.5
2025-03-17,21.41
2025-03-18,21.4
2025-03-19,21.45
2025-03-20,21.45
2025-03-21,21.48
2025-03-24,21.58
2025-03-25,21.54
2025-03-26,21.53
2025-03-27,21.47
2025-03-28,21.06
2025-03-31,21.45
2025-04-01,21.49
2025-04-02,21.54
2025-04-03,21.55
2025-04-04,21.55
2025-04-07,21.66
2025-04-08,21.29
2025-04-09,21.5
2025-04-10,21.53
2025-04-11,21.54
2025-04-14,21.5
2025-04-15,21.28
2025-04-16,20.97
2025-04-17,20.66
2025-04-18,20.65
2025-04-21,20.67
2025-04-22,20.65
2025-04-23,20.69
2025-04-24,20.77
2025-04-25,20.77
2025-04-28,20.62
2025-04-29,20.72
2025-04-30,20.74
2025-05-05,20.65
2025-05-06,20.57
2025-05-07,20.67
2025-05-12,20.67
2025-05-13,20.67
2025-05-14,20.87
2025-05-15,20.93
2025-05-16,20.92
2025-05-19,20.9
2025-05-20,20.87
2025-05-21,20.86
2025-05-22,20.83
2025-05-23,20.79
2025-05-26,20.71
2025-05-27,20.75
2025-05-28,20.89
2025-05-29,20.77
2025-05-30,21.03
2025-06-02,21.08
2025-06-03,21.11
2025-06-04,20.79
2025-06-05,20.79
2025-06-06,20.6
2025-06-09,19.72
2025-06-10,19.8
2025-06-11,19.88
2025-06-16,19.75
2025-06-17,19.79
2025-06-18,19.81
2025-06-19,19.73
2025-06-20,19.73
2025-06-23,19.72
2025-06-24,19.73
2025-06-25,19.73
2025-06-26,19.71
2025-06-27,19.86
2025-06-30,20.23
2025-07-01,19.96
2025-07-02,20.06
2025-07-03,19.99
2025-07-04,20.0
2025-07-07,20.0
2025-07-08,19.95
2025-07-09,19.66
2025-07-10,19.37
2025-07-11,19.25
2025-07-14,19.22
2025-07-15,19.24
2025-07-16,19.17
2025-07-17,19.21
2025-07-18,19.13
2025-07-21,19.1
2025-07-22,19.1
2025-07-23,19.1
2025-07-24,19.11
2025-07-25,19.12
2025-07-28,18.48
2025-07-29,18.58
2025-07-30,18.5
2025-07-31,18.23
2025-08-01,18.09
2025-08-04,17.93
2025-08-05,17.75
2025-08-06,17.77
2025-08-07,17.77
2025-08-08,17.75
2025-08-11,17.59
2025-08-12,17.09
2025-08-13,17.73
2025-08-14,17.77
2025-08-15,17.81
2025-08-18,17.68
2025-08-19,17.74
2025-08-20,17.72
2025-08-21,17.76
2025-08-22,17.74
2025-08-25,17.74
2025-08-26,17.75
2025-08-27,17.72
2025-08-28,17.75
2025-08-29,17.75
2025-09-01,17.75
2025-09-02,17.75
2025-09-03,17.74
2025-09-04,17.75
2025-09-05,17.73
2025-09-08,17.72
2025-09-09,17.75
2025-09-10,17.07
2025-09-11,17.05
2025-09-12,17.06
2025-09-15,16.76
2025-09-16,16.79
2025-09-17,16.83
2025-09-18,16.88
2025-09-19,16.96
2025-09-22,16.96
2025-09-23,16.92
2025-09-24,16.91
2025-09-25,17.0
2025-09-26,17.0
2025-09-29,17.0
2025-09-30,16.99
2025-10-01,16.8
2025-10-02,16.76
2025-10-03,16.79
2025-10-06,16.83
2025-10-07,16.83
2025-10-08,16.75
2025-10-09,16.75
2025-10-10,16.35
2025-10-13,16.35
2025-10-14,16.35
2025-10-15,16.35
2025-10-16,16.39
2025-10-17,16.45
2025-10-20,16.44
2025-10-21,16.37
2025-10-22,16.43
2025-10-23,16.39
2025-10-24,16.42
2025-10-27,16.25
2025-10-28,16.4
2025-10-29,16.37
2025-10-30,16.27
2025-10-31,16.29
2025-11-01,16.33
2025-11-05,16.33
2025-11-06,16.38
2025-11-07,16.44
2025-11-10,16.41
2025-11-11,16.18
2025-11-12,16.36
2025-11-13,16.46
2025-11-14,16.49
2025-11-17,16.41
2025-11-18,16.41
2025-11-19,16.29
2025-11-20,16.25
2025-11-21,16.24
2025-11-24,16.24
2025-11-25,16.24
2025-11-26,16.23
2025-11-27,16.21
2025-11-28,16.25
2025-12-01,16.23
2025-12-02,16.23
2025-12-03,16.2
2025-12-04,16.39
2025-12-05,16.48
2025-12-08,16.49
2025-12-09,16.37
2025-12-10,16.08
2025-12-11,15.99
2025-12-12,15.91
2025-12-15,15.85
2025-12-16,15.84
2025-12-17,15.84
2025-12-18,15.84
2025-12-19,15.85
2025-12-22,15.77
2025-12-23,16.07
2025-12-24,15.88
2025-12-25,15.83
2025-12-26,15.85
2025-12-29,15.85
2026-01-12,15.57
2026-01-13,15.28
2026-01-14,15.63
2026-01-15,15.72
2026-01-16,15.88
2026-01-19,15.78
2026-01-20,15.77
2026-01-21,15.75
2026-01-22,15.74
2026-01-23,15.61
2026-01-26,15.64
2026-01-27,15.64
2026-01-28,15.66
2026-01-29,15.89
2026-01-30,15.83
2026-02-02,15.75
2026-02-03,15.74
2026-02-04,15.61
2026-02-05,15.52
2026-02-06,15.34
2026-02-09,15.26
2026-02-10,15.17
2026-02-11,15.25
2026-02-12,15.25
2026-02-13,15.25
2026-02-16,15.02
2026-02-17,15.12
2026-02-18,15.24
2026-02-19,15.25
2026-02-20,15.3
2026-02-24,15.31
2026-02-25,15.25
2026-02-26,15.25
2026-02-27,15.3
2026-03-02,15.26
2026-03-03,15.29
2026-03-04,15.34
2026-03-05,15.4
2026-03-06,15.4
2026-03-10,15.36
2026-03-11,15.03
2026-03-12,14.96
2026-03-13,14.85
2026-03-16,14.81
2026-03-17,14.76
2026-03-18,14.76
2026-03-19,14.79
2026-03-20,14.79
2026-03-23,14.69
2026-03-24,14.87
2026-03-25,14.9
2026-03-26,14.77
2026-03-27,14.75
2026-03-30,14.82
2026-03-31,14.87
2026-04-01,14.89
2026-04-02,14.91
2026-04-03,14.92
2026-04-06,14.88
2026-04-07,14.83
2026-04-08,14.83
2026-04-09,14.81
2026-04-10,14.77
2026-04-13,14.69
2026-04-14,14.49
2026-04-15,14.54
2026-04-16,14.5
2026-04-17,14.48
2026-04-20,14.42
2026-04-21,14.44
2026-04-22,14.44
2026-04-23,14.44
2026-04-24,14.37
2026-04-27,14.44
2026-04-28,14.92
2026-04-29,14.55
2026-04-30,14.49
2026-05-04,14.33
2026-05-05,14.19
2026-05-06,14.07
2026-05-07,14.07
